"ORIGINAL"	"DBFIELD"
"id"	"id"
"summary"	"summary"
"link"	"link"
"title"	"title"
"updated"	"updated"
"deleted_on"	"deleted_on"
"origen"	"origen"
"indice_unico"	"indice_unico"
"ContractFolderStatus.ContractFolderStatusCode"	"Datos_Generales_del_Expediente/Estado"
"ContractFolderStatus.ContractFolderID"	"Datos_Generales_del_Expediente/Numero_de_Expediente"
"ContractFolderStatus.ProcurementProject.Name"	"Datos_Generales_del_Expediente/Objeto_del_Contrato"
"ContractFolderStatus.ProcurementProject.BudgetAmount.EstimatedOverallContractAmount"	"Datos_Generales_del_Expediente/Valor_Estimado_del_Contrato"
"ContractFolderStatus.ProcurementProject.BudgetAmount.TaxExclusiveAmount"	"Datos_Generales_del_Expediente/Presupuesto_Base_sin_Impuestos"
"ContractFolderStatus.ProcurementProject.BudgetAmount.TotalAmount"	"Datos_Generales_del_Expediente/Presupuesto_Base_con_Impuestos"
"ContractFolderStatus.ProcurementProject.PlannedPeriod.StartDate"	"Datos_Generales_del_Expediente/Plazo_de_Ejecucion/Comienzo"
"ContractFolderStatus.ProcurementProject.PlannedPeriod.EndDate"	"Datos_Generales_del_Expediente/Plazo_de_Ejecucion/Fin"
"ContractFolderStatus.ProcurementProject.PlannedPeriod.DurationMeasure"	"Datos_Generales_del_Expediente/Plazo_de_Ejecucion/Duracion"
"ContractFolderStatus.ProcurementProject.RequiredCommodityClassification.ItemClassificationCode"	"Datos_Generales_del_Expediente/Clasificacion_CPV"
"ContractFolderStatus.ProcurementProject.TypeCode"	"Datos_Generales_del_Expediente/Tipo_de_Contrato"
"ContractFolderStatus.ProcurementProject.SubTypeCode"	"Datos_Generales_del_Expediente/Subtipo"
"ContractFolderStatus.LegalDocumentReference.ID"	"Datos_Generales_del_Expediente/Pliego_de_Clausulas_Administrativas/Archivo"
"ContractFolderStatus.LegalDocumentReference.Attachment.ExternalReference.URI"	"Datos_Generales_del_Expediente/Pliego_de_Clausulas_Administrativas/URI"
"ContractFolderStatus.LegalDocumentReference.Attachment.ExternalReference.DocumentHash"	"Datos_Generales_del_Expediente/Pliego_de_Clausulas_Administrativas/Hash"
"ContractFolderStatus.TechnicalDocumentReference.ID"	"Datos_Generales_del_Expediente/Pliego_de_Prescripciones_Tecnicas/Archivo"
"ContractFolderStatus.TechnicalDocumentReference.Attachment.ExternalReference.URI"	"Datos_Generales_del_Expediente/Pliego_de_Prescripciones_Tecnicas/URI"
"ContractFolderStatus.TechnicalDocumentReference.Attachment.ExternalReference.DocumentHash"	"Datos_Generales_del_Expediente/Pliego_de_Prescripciones_Tecnicas/Hash"
"ContractFolderStatus.AdditionalDocumentReference.ID"	"Datos_Generales_del_Expediente/Anexos_a_los_Pliegos/Archivo"
"ContractFolderStatus.AdditionalDocumentReference.Attachment.ExternalReference.URI"	"Datos_Generales_del_Expediente/Anexos_a_los_Pliegos/URI"
"ContractFolderStatus.AdditionalDocumentReference.Attachment.ExternalReference.DocumentHash"	"Datos_Generales_del_Expediente/Anexos_a_los_Pliegos/Hash"
"ContractFolderStatus.ProcurementProjectLot.ID"	"Datos_Generales_del_Expediente_del_Lote/ID_del_Lote"
"ContractFolderStatus.ProcurementProjectLot.ProcurementProject.Name"	"Datos_Generales_del_Expediente_del_Lote/Objeto_del_Lote"
"ContractFolderStatus.ProcurementProjectLot.ProcurementProject.BudgetAmount.TotalAmount"	"Datos_Generales_del_Expediente_del_Lote/Presupuesto_Base_con_Impuestos"
"ContractFolderStatus.ProcurementProjectLot.ProcurementProject.BudgetAmount.TaxExclusiveAmount"	"Datos_Generales_del_Expediente_del_Lote/Presupuesto_Base_sin_Impuestos"
"ContractFolderStatus.ProcurementProjectLot.ProcurementProject.RequiredCommodityClassification.ItemClassificationCode"	"Datos_Generales_del_Expediente_del_Lote/Clasificacion_CPV"
"ContractFolderStatus.ProcurementProject.RealizedLocation.CountrySubentity"	"Lugar_de_ejecucion/Subentidad_Territorial"
"ContractFolderStatus.ProcurementProject.RealizedLocation.CountrySubentityCode"	"Lugar_de_ejecucion/Codigo_de_Subentidad_Territorial"
"ContractFolderStatus.ProcurementProject.RealizedLocation.Address.Country.IdentificationCode"	"Lugar_de_ejecucion/Codigo_de_Pais"
"ContractFolderStatus.ProcurementProject.RealizedLocation.Address.Country.Name"	"Lugar_de_ejecucion/Pais"
"ContractFolderStatus.ProcurementProject.RealizedLocation.Address.CityName"	"Lugar_de_ejecucion/Poblacion"
"ContractFolderStatus.ProcurementProject.RealizedLocation.Address.PostalZone"	"Lugar_de_ejecucion/Codigo_Postal"
"ContractFolderStatus.ProcurementProjectLot.ProcurementProject.RealizedLocation.CountrySubentity"	"Lugar_de_ejecucion_del_Lote/Subentidad_Territorial"
"ContractFolderStatus.ProcurementProjectLot.ProcurementProject.RealizedLocation.CountrySubentityCode"	"Lugar_de_ejecucion_del_Lote/Codigo_de_Subentidad_Territorial"
"ContractFolderStatus.ProcurementProjectLot.ProcurementProject.RealizedLocation.Address.Country.IdentificationCode"	"Lugar_de_ejecucion_del_Lote/Codigo_de_Pais"
"ContractFolderStatus.ProcurementProjectLot.ProcurementProject.RealizedLocation.Address.Country.Name"	"Lugar_de_ejecucion_del_Lote/Pais"
"ContractFolderStatus.ProcurementProjectLot.ProcurementProject.RealizedLocation.Address.CityName"	"Lugar_de_ejecucion_del_Lote/Poblacion"
"ContractFolderStatus.ProcurementProjectLot.ProcurementProject.RealizedLocation.Address.PostalZone"	"Lugar_de_ejecucion_del_Lote/Codigo_Postal"
"ContractFolderStatus.TenderingProcess.ProcedureCode"	"Proceso_de_licitacion/Tipo_de_procedimiento"
"ContractFolderStatus.TenderingProcess.ContractingSystemCode"	"Proceso_de_Licitacion/Sistema_de_Contratacion"
"ContractFolderStatus.TenderingProcess.UrgencyCode"	"Proceso_de_Licitacion/Tipo_de_Tramitacion"
"ContractFolderStatus.TenderingProcess.SubmissionMethodCode"	"Proceso_de_licitacion/Presentacion_de_la_oferta/Numero"
"ContractFolderStatus.TenderingTerms.Language.ID"	"Proceso_de_licitacion/Idioma_de_Presentacion_de_Oferta"
"ContractFolderStatus.TenderingProcess.AuctionTerms.AuctionConstraintIndicator"	"Proceso_de_licitacion/Uso_de_Subasta_Electronica"
"ContractFolderStatus.TenderingTerms.ProcurementLegislationDocumentReference.ID"	"Proceso_de_licitacion/Directiva_Europea_de_Aplicacion"
"ContractFolderStatus.TenderingProcess.OverThresholdIndicator"	"Proceso_de_Participacion/OverThresholdIndicator"
"ContractFolderStatus.TenderingTerms.TenderRecipientParty.EndpointID"	"Proceso_de_licitacion/Medio_de_Presentacion_de_Ofertas_Electronicas"
"ContractFolderStatus.LocatedContractingParty.Party.PartyIdentification.ID"	"Entidad_Adjudicadora/ID"
"ContractFolderStatus.LocatedContractingParty.Party.PartyName.Name"	"Entidad_Adjudicadora/Nombre"
"ContractFolderStatus.LocatedContractingParty.ContractingPartyTypeCode"	"Entidad_Adjudicadora/Tipo_de_Administracion"
"ContractFolderStatus.LocatedContractingParty.Party.WebsiteURI"	"Entidad_Adjudicadora/Sitio_Web"
"ContractFolderStatus.LocatedContractingParty.Party.PostalAddress.AddressLine.Line"	"Entidad_Adjudicadora/Calle"
"ContractFolderStatus.LocatedContractingParty.Party.PostalAddress.PostalZone"	"Entidad_Adjudicadora/Codigo_Postal"
"ContractFolderStatus.LocatedContractingParty.Party.PostalAddress.CityName"	"Entidad_Adjudicadora/Poblacion"
"ContractFolderStatus.LocatedContractingParty.Party.PostalAddress.Country.Name"	"Entidad_Adjudicadora/Pais"
"ContractFolderStatus.LocatedContractingParty.Party.PostalAddress.Country.IdentificationCode"	"Entidad_Adjudicadora/Nombre_para_contacto"
"ContractFolderStatus.LocatedContractingParty.Party.Contact.Name"	"Entidad_Adjudicadora/Telefono"
"ContractFolderStatus.LocatedContractingParty.Party.Contact.Telephone"	"Entidad_Adjudicadora/Fax"
"ContractFolderStatus.LocatedContractingParty.Party.Contact.Telefax"	"Entidad_Adjudicadora/Telefax"
"ContractFolderStatus.LocatedContractingParty.Party.Contact.ElectronicMail"	"Entidad_Adjudicadora/Correo_Electronico"
"ContractFolderStatus.LocatedContractingParty.ActivityCode"	"Entidad_Adjudicadora/Actividad"
"ContractFolderStatus.LocatedContractingParty.BuyerProfileURIID"	"Entidad_Adjudicadora/URL_perfil_de_contratante"
"ContractFolderStatus.LocatedContractingParty.ParentLocatedParty.PartyName.Name"	"Entidad_Adjudicadora/Ubicacion_organica/Nombre"
"ContractFolderStatus.LocatedContractingParty.ParentLocatedParty.ParentLocatedParty.PartyName.Name"	"Entidad_Adjudicadora_Jerarquia/Ubicacion_organica/Nombre"
"ContractFolderStatus.LocatedContractingParty.ParentLocatedParty.ParentLocatedParty.ParentLocatedParty.PartyName.Name"	"Entidad_Adjudicadora_Jerarquia/Ubicacion_organica/Nombre"
"ContractFolderStatus.LocatedContractingParty.ParentLocatedParty.ParentLocatedParty.ParentLocatedParty.ParentLocatedParty.PartyName.Name"	"Entidad_Adjudicadora_Jerarquia/Ubicacion_organica/Nombre"
"ContractFolderStatus.LocatedContractingParty.ParentLocatedParty.ParentLocatedParty.ParentLocatedParty.ParentLocatedParty.ParentLocatedParty.PartyName.Name"	"Entidad_Adjudicadora_Jerarquia/Ubicacion_organica/Nombre"
"ContractFolderStatus.LocatedContractingParty.ParentLocatedParty.ParentLocatedParty.ParentLocatedParty.ParentLocatedParty.ParentLocatedParty.ParentLocatedParty.PartyName.Name"	"Entidad_Adjudicadora_Jerarquia/Ubicacion_organica/Nombre"
"ContractFolderStatus.LocatedContractingParty.ParentLocatedParty.ParentLocatedParty.ParentLocatedParty.ParentLocatedParty.ParentLocatedParty.ParentLocatedParty.ParentLocatedParty.PartyName.Name"	"Entidad_Adjudicadora_Jerarquia/Ubicacion_organica/Nombre"
"ContractFolderStatus.LocatedContractingParty.ParentLocatedParty.ParentLocatedParty.ParentLocatedParty.ParentLocatedParty.ParentLocatedParty.ParentLocatedParty.ParentLocatedParty.ParentLocatedParty.PartyName.Name"	"Entidad_Adjudicadora_Jerarquia/Ubicacion_organica/Nombre"
"ContractFolderStatus.LocatedContractingParty.ParentLocatedParty.ParentLocatedParty.PartyIdentification.ID"	"Entidad_Adjudicadora_Jerarquia/Ubicacion_organica/ID"
"ContractFolderStatus.LocatedContractingParty.ParentLocatedParty.ParentLocatedParty.ParentLocatedParty.ParentLocatedParty.PartyIdentification.ID"	"Entidad_Adjudicadora_Jerarquia/Ubicacion_organica/ID"
"ContractFolderStatus.LocatedContractingParty.ParentLocatedParty.ParentLocatedParty.ParentLocatedParty.ParentLocatedParty.ParentLocatedParty.PartyIdentification.ID"	"Entidad_Adjudicadora_Jerarquia/Ubicacion_organica/ID"
"ContractFolderStatus.LocatedContractingParty.ParentLocatedParty.ParentLocatedParty.ParentLocatedParty.PartyIdentification.ID"	"Entidad_Adjudicadora_Jerarquia/Ubicacion_organica/ID"
"ContractFolderStatus.LocatedContractingParty.ParentLocatedParty.ParentLocatedParty.ParentLocatedParty.ParentLocatedParty.ParentLocatedParty.ParentLocatedParty.PartyIdentification.ID"	"Entidad_Adjudicadora_Jerarquia/Ubicacion_organica/ID"
"ContractFolderStatus.LocatedContractingParty.ParentLocatedParty.ParentLocatedParty.ParentLocatedParty.ParentLocatedParty.ParentLocatedParty.ParentLocatedParty.ParentLocatedParty.PartyIdentification.ID"	"Entidad_Adjudicadora_Jerarquia/Ubicacion_organica/ID"
"ContractFolderStatus.TenderingProcess.DocumentAvailabilityPeriod.EndDate"	"Plazo_de_Obtencion_de_Pliegos/Fecha"
"ContractFolderStatus.TenderingProcess.DocumentAvailabilityPeriod.EndTime"	"Plazo_de_Obtencion_de_Pliegos/Hora"
"ContractFolderStatus.TenderingProcess.TenderSubmissionDeadlinePeriod.EndDate"	"Plazo_de_Presentacion_de_Oferta/Fecha"
"ContractFolderStatus.TenderingProcess.TenderSubmissionDeadlinePeriod.EndTime"	"Plazo_de_Presentacion_de_Oferta/Hora"
"ContractFolderStatus.TenderingProcess.TenderSubmissionDeadlinePeriod.Description"	"Plazo_de_Presentacion_de_Oferta/Observaciones"
"ContractFolderStatus.TenderingProcess.TenderSubmissionDeadlinePeriod"	"Plazo_de_Presentacion_de_Oferta/Plazo_de_Presentacion_de_Oferta"
"ContractFolderStatus.TenderingProcess.ParticipationRequestReceptionPeriod.EndDate"	"Plazo_de_Presentacion_de_Solicitudes/Fecha"
"ContractFolderStatus.TenderingProcess.ParticipationRequestReceptionPeriod.EndTime"	"Plazo_de_Presentacion_de_Solicitudes/Hora"
"ContractFolderStatus.TenderingProcess.ParticipationRequestReceptionPeriod.Description"	"Plazo_de_Presentacion_de_Solicitudes/Observaciones"
"ContractFolderStatus.ProcurementProject.ContractExtension.OptionsDescription"	"Extension_de_Contrato/Opciones"
"ContractFolderStatus.ProcurementProject.ContractExtension.OptionValidityPeriod.Description"	"Extension_de_Contrato/Periodo_de_Validez_de_las_Opciones"
"ContractFolderStatus.TenderingTerms.RequiredCurriculaIndicator"	"Condiciones_de_Licitacion/Especificar_Personal_y_Cualificacion_Profesional/CCVV"
"ContractFolderStatus.TenderingTerms.VariantConstraintIndicator"	"Condiciones_de_Licitacion/Admision_de_Variantes"
"ContractFolderStatus.TenderingTerms.PriceRevisionFormulaDescription"	"Condiciones_de_Licitacion/Formula_de_Revision_de_Precios"
"ContractFolderStatus.TenderingTerms.FundingProgram"	"Condiciones_de_Licitacion/Programas_de_Financiacion"
"ContractFolderStatus.TenderingTerms.FundingProgramCode"	"Condiciones_de_Licitacion/Descripcion_de_Programas_de_Financiacion"
"ContractFolderStatus.TenderingTerms.RequiredFinancialGuarantee.GuaranteeTypeCode"	"Garantia_Requerida_Provisional/Tipo"
"ContractFolderStatus.TenderingTerms.RequiredFinancialGuarantee.LiabilityAmount"	"Garantia_Requerida_Provisional/Importe"
"ContractFolderStatus.TenderingTerms.RequiredFinancialGuarantee.AmountRate"	"Garantia_Requerida_Provisional/Porcentaje"
"ContractFolderStatus.TenderingTerms.TendererQualificationRequest.PersonalSituation"	"Requisitos_de_Participacion/Titulo_Habilitante"
"ContractFolderStatus.TenderingTerms.TendererQualificationRequest.Description"	"Requisitos_de_Participacion/Solvencia_Requerida"
"ContractFolderStatus.TenderingTerms.TendererQualificationRequest.RequiredBusinessClassificationScheme.ClassificationCategory.CodeValue"	"Requisitos_de_Participacion/Calificacion_Empresarial_Solicitada/Codigo"
"ContractFolderStatus.TenderingTerms.TendererQualificationRequest.SpecificTendererRequirement.RequirementTypeCode"	"Requisitos_de_Participacion/Condiciones_de_Admision_Codigo"
"ContractFolderStatus.TenderingTerms.TendererQualificationRequest.SpecificTendererRequirement.Description"	"Requisitos_de_Participacion/Condiciones_de_Admision"
"ContractFolderStatus.TenderingTerms.TendererQualificationRequest.TechnicalEvaluationCriteria.EvaluationCriteriaTypeCode"	"Requisitos_de_Participacion/Criterio_de_Evaluacion_Tecnica/Codigo"
"ContractFolderStatus.TenderingTerms.TendererQualificationRequest.TechnicalEvaluationCriteria.Description"	"Requisitos_de_Participacion/Criterio_de_Evaluacion_Tecnica/Descripcion"
"ContractFolderStatus.TenderingTerms.TendererQualificationRequest.TechnicalEvaluationCriteria.ThresholdQuantity"	"Requisitos_de_Participacion/Criterio_de_Evaluacion_Tecnica/Valor_de_Corte"
"ContractFolderStatus.TenderingTerms.TendererQualificationRequest.FinancialEvaluationCriteria.EvaluationCriteriaTypeCode"	"Requisitos_de_Participacion/Criterio_de_Evaluacion_Economica_Financiera/Codigo"
"ContractFolderStatus.TenderingTerms.TendererQualificationRequest.FinancialEvaluationCriteria.Description"	"Requisitos_de_Participacion/Criterio_de_Evaluacion_Economica_Financiera/Descripcion"
"ContractFolderStatus.TenderingTerms.TendererQualificationRequest.FinancialEvaluationCriteria.ThresholdQuantity"	"Requisitos_de_Participacion/Criterio_de_Evaluacion_Economica_Financiera/Valor_de_Corte"
"ContractFolderStatus.TenderingTerms.TendererQualificationRequest.OperatingYearsQuantity"	"Requisitos_de_Participacion/Experiencia/Cantidad"
"ContractFolderStatus.TenderingTerms.TendererQualificationRequest.OperatingYearsDescription"	"Requisitos_de_Participacion/Experiencia/Descripcion"
"ContractFolderStatus.TenderingTerms.TendererQualificationRequest.EmployeeQuantity"	"Requisitos_de_Participacion/Empleados/Cantidad"
"ContractFolderStatus.TenderingTerms.TendererQualificationRequest.EmployeeQuantityDescription"	"Requisitos_de_Participacion/Empleados/Descripcion"
"ContractFolderStatus.TenderingTerms.AllowedSubcontractTerms.Rate"	"Subcontratacion_Permitida/Porcentaje"
"ContractFolderStatus.TenderingTerms.AllowedSubcontractTerms.Description"	"Subcontratacion_Permitida/Descripcion"
"ContractFolderStatus.TenderingTerms.AwardingTerms.AwardingCriteria.Description"	"Criterio_de_Adjudicacion/Descripcion"
"ContractFolderStatus.TenderingTerms.AwardingTerms.AwardingCriteria.WeightNumeric"	"Criterio_de_Adjudicacion/Ponderacion"
"ContractFolderStatus.TenderingTerms.AwardingTerms.AwardingCriteria.AwardingCriteriaTypeCode"	"Criterio_de_Adjudicacion/Tipo"
"ContractFolderStatus.TenderingTerms.AwardingTerms.AwardingCriteria.AwardingCriteriaSubTypeCode"	"Criterio_de_Adjudicacion/Subtipo"
"ContractFolderStatus.TenderingTerms.AwardingTerms.AwardingCriteria.Note"	"Criterio_de_Adjudicacion/Nota"
"ContractFolderStatus.ProcurementProjectLot.TenderingTerms.TendererQualificationRequest.SpecificTendererRequirement.RequirementTypeCode"	"Requisitos_de_Participacion_del_Lote/Condiciones_de_Admision/Codigo"
"ContractFolderStatus.ProcurementProjectLot.TenderingTerms.TendererQualificationRequest.SpecificTendererRequirement.Description"	"Requisitos_de_Participacion_del_Lote/Condiciones_de_Admision/Descripcion"
"ContractFolderStatus.ProcurementProjectLot.TenderingTerms.TendererQualificationRequest.TechnicalEvaluationCriteria.EvaluationCriteriaTypeCode"	"Requisitos_de_Participacion_del_Lote/Criterio_de_Evaluacion_Tecnica/Codigo"
"ContractFolderStatus.ProcurementProjectLot.TenderingTerms.TendererQualificationRequest.TechnicalEvaluationCriteria.Description"	"Requisitos_de_Participacion_del_Lote/Criterio_de_Evaluacion_Tecnica/Descripcion"
"ContractFolderStatus.ProcurementProjectLot.TenderingTerms.TendererQualificationRequest.TechnicalEvaluationCriteria.ThresholdQuantity"	"Requisitos_de_Participacion_del_Lote/Criterio_de_Evaluacion_tecnica/Valor_de_Corte"
"ContractFolderStatus.ProcurementProjectLot.TenderingTerms.TendererQualificationRequest.FinancialEvaluationCriteria.EvaluationCriteriaTypeCode"	"Requisitos_de_Participacion_del_Lote/Criterio_de_Evaluacion_Economica_Financiera/Codigo"
"ContractFolderStatus.ProcurementProjectLot.TenderingTerms.TendererQualificationRequest.FinancialEvaluationCriteria.Description"	"Requisitos_de_Participacion_del_Lote/Criterio_de_Evaluacion_Economica_Financiera/Descripcion"
"ContractFolderStatus.ProcurementProjectLot.TenderingTerms.TendererQualificationRequest.FinancialEvaluationCriteria.ThresholdQuantity"	"Requisitos_de_Participacion_del_Lote/Criterio_de_Evaluacion_Economica_Financiera/Valor_de_Corte"
"ContractFolderStatus.ProcurementProjectLot.TenderingTerms.AwardingTerms.AwardingCriteria.Description"	"Criterio_de_Adjudicacion_del_Lote/Descripcion"
"ContractFolderStatus.ProcurementProjectLot.TenderingTerms.AwardingTerms.AwardingCriteria.WeightNumeric"	"Criterio_de_Adjudicacion_del_Lote/Ponderacion"
"ContractFolderStatus.ProcurementProjectLot.TenderingTerms.AwardingTerms.AwardingCriteria.AwardingCriteriaTypeCode"	"Criterio_de_Adjudicacion_del_Lote/Tipo"
"ContractFolderStatus.ProcurementProjectLot.TenderingTerms.AwardingTerms.AwardingCriteria.AwardingCriteriaSubTypeCode"	"Criterio_de_Adjudicacion_del_Lote/Subtipo"
"ContractFolderStatus.ProcurementProjectLot.TenderingTerms.AwardingTerms.AwardingCriteria.Note"	"Criterio_de_Adjudicacion_del_Lote/Nota"
"ContractFolderStatus.TenderingProcess.EconomicOperatorShortList.LimitationDescription"	"Limitacion_del_numero_de_licitadores_a_los_que_se_invitara/Criterios_Objetivos_Seleccion"
"ContractFolderStatus.TenderingProcess.EconomicOperatorShortList.ExpectedQuantity"	"Limitacion_del_numero_de_licitadores_a_los_que_se_invitara/Numero_Previsto_de_Operadores"
"ContractFolderStatus.TenderingProcess.EconomicOperatorShortList.MaximumQuantity"	"Limitacion_del_numero_de_licitadores_a_los_que_se_invitara/Cantidad_Maxima"
"ContractFolderStatus.TenderingProcess.EconomicOperatorShortList.MinimumQuantity"	"Limitacion_del_numero_de_licitadores_a_los_que_se_invitara/Cantidad_Minima"
"ContractFolderStatus.TenderingProcess.PartPresentationCode"	"Limitacion_del_numero_de_licitadores_a_los_que_se_invitara/Numero_de_Lotes_a_los_que_se_Debe_Ofertar"
"ContractFolderStatus.TenderingProcess.MaximumLotPresentationQuantity"	"Limitacion_del_numero_de_licitadores_a_los_que_se_invitara/Numero_de_Lotes_a_los_que_se_Puede_Ofertar"
"ContractFolderStatus.TenderingProcess.MaximumTendererAwardedLotsQuantity"	"Limitacion_del_numero_de_licitadores_a_los_que_se_invitara/Numero_Maximo_de_Lotes_que_se_Puede_Adjudicar_a_un_Licitador"
"ContractFolderStatus.TenderingProcess.LotsCombinationContractingAuthorityRights"	"Limitacion_del_numero_de_licitadores_a_los_que_se_invitara/Derecho_de_Adjudicar_Contratos_que_Combinen_Lotes"
"ContractFolderStatus.TenderResult.ResultCode"	"Resultado_del_procedimiento/Resultado"
"ContractFolderStatus.TenderResult.AwardedTenderedProject.ProcurementProjectLotID"	"Resultado_del_procedimiento/Lote"
"ContractFolderStatus.TenderResult.Description"	"Resultado_del_procedimiento/Motivacion"
"ContractFolderStatus.TenderResult.AwardDate"	"Resultado_del_procedimiento/Fecha_del_Acuerdo"
"ContractFolderStatus.TenderResult.ReceivedTenderQuantity"	"Resultado_del_procedimiento/Ofertas_Recibidas"
"ContractFolderStatus.TenderResult.LowerTenderAmount"	"Resultado_del_procedimiento/Precio_de_la_Oferta_Mas_Baja"
"ContractFolderStatus.TenderResult.HigherTenderAmount"	"Resultado_del_procedimiento/Precio_de_la_Oferta_Mas_Alta"
"ContractFolderStatus.TenderResult.AbnormallyLowTendersIndicator"	"Resultado_del_procedimiento/Se_han_Excluido_Ofertas_por_ser_Anormalmente_Bajas"
"ContractFolderStatus.TenderResult.SMEsReceivedTenderQuantity"	"Resultado_del_procedimiento/Numero_de_Ofertas_Recibidas_de_Pymes"
"ContractFolderStatus.TenderResult.EUNationalsReceivedTenderQuantity"	"Resultado_del_procedimiento/Ofertas_Recibidas_de_Extranjeros_Comunitarios"
"ContractFolderStatus.TenderResult.NonEUNationalsReceivedTenderQuantity"	"Resultado_del_procedimiento/Ofertas_Recibidas_de_Extranjeros_No_Comunitarios"
"ContractFolderStatus.TenderResult.Contract.ID"	"Informacion_sobre_el_Contrato/Numero_de_Contrato"
"ContractFolderStatus.TenderResult.Contract.IssueDate"	"Informacion_sobre_el_Contrato/Fecha_de_Formalizacion"
"ContractFolderStatus.TenderResult.StartDate"	"Informacion_sobre_el_Contrato/Fecha_de_Entrada_en_Vigor"
"ContractFolderStatus.TenderingTerms.ReceivedAppealQuantity"	"Informacion_sobre_el_Contrato/Numero_de_Recursos_Presentados"
"ContractFolderStatus.TenderResult.WinningParty.PartyIdentification.ID"	"Adjudicatario/Identificador"
"ContractFolderStatus.TenderResult.WinningParty.PartyName.Name"	"Adjudicatario/Nombre_del_Adjudicatario"
"ContractFolderStatus.TenderResult.WinningParty.PartyIdentification.IDschemeName"	"Adjudicatario/IDschemeName"
"ContractFolderStatus.TenderResult.WinningParty.PhysicalLocation.CountrySubentityCode"	"Adjudicatario/Pais"
"ContractFolderStatus.TenderResult.WinningParty.PhysicalLocation.Address.CityName"	"Adjudicatario/Ciudad"
"ContractFolderStatus.TenderResult.WinningParty.PhysicalLocation.Address.PostalZone"	"Adjudicatario/Codigo_Postal"
"ContractFolderStatus.TenderResult.WinningParty.PhysicalLocation.Address.Country.IdentificationCode"	"Adjudicatario/Identificador_de_Pais"
"ContractFolderStatus.TenderResult.SMEAwardedIndicator"	"Adjudicatario/es_PYME"
"ContractFolderStatus.TenderResult.WinningParty.PartyLegalEntity.CompanyTypeCode"	"Adjudicatario/es_UTE"
"ContractFolderStatus.TenderResult.AwardedTenderedProject.LegalMonetaryTotal.TaxExclusiveAmount"	"Importes_de_Adjudicacion/Importe_Total_Ofertado_sin_Impuestos"
"ContractFolderStatus.TenderResult.AwardedTenderedProject.LegalMonetaryTotal.PayableAmount"	"Importes_de_Adjudicacion/Importe_Total_Ofertado_con_Impuestos"
"ContractFolderStatus.TenderResult.SubcontractTerms.Description"	"Condiciones_de_Subcontratacion/Descripcion"
"ContractFolderStatus.TenderResult.SubcontractTerms.Rate"	"Condiciones_de_Subcontratacion/Porcentaje_de_Subcontratacion"
"ContractFolderStatus.ContractModification.ContractID"	"Modificaciones_de_contrato/Numero_de_Contrato"
"ContractFolderStatus.ContractModification.ID"	"Modificaciones_de_contrato/Numero_de_la_Modificacion"
"ContractFolderStatus.ContractModification.ContractModificationLegalMonetaryTotal.TaxExclusiveAmount"	"Modificaciones_de_contrato/Importe_Sin_Impuestos_de_la_Modificacion"
"ContractFolderStatus.ContractModification.FinalLegalMonetaryTotal.TaxExclusiveAmount"	"Modificaciones_de_contrato/Importe_Sin_Impuestos_del_Contrato_tras_la_Modificacion"
"ContractFolderStatus.ContractModification.ContractModificationDurationMeasure"	"Modificaciones_de_contrato/Plazo_de_la_Modificacion"
"ContractFolderStatus.ContractModification.FinalDurationMeasure"	"Modificaciones_de_contrato/Plazo_Total_tras_la_Modificacion"
"ContractFolderStatus.ContractModification.Note"	"Modificaciones_de_contrato/Observaciones"
"ContractFolderStatus.ValidNoticeInfo.NoticeTypeCode"	"Publicaciones_Oficiales/Tipo_de_Anuncio"
"ContractFolderStatus.ValidNoticeInfo.AdditionalPublicationStatus.PublicationMediaName"	"Publicaciones_Oficiales/Medio_de_Publicacion"
"ContractFolderStatus.ValidNoticeInfo.AdditionalPublicationStatus.AdditionalPublicationDocumentReference.IssueDate"	"Publicaciones_Oficiales/Fecha_de_Publicacion"
"ContractFolderStatus.ValidNoticeInfo.AdditionalPublicationStatus.AdditionalPublicationDocumentReference.DocumentTypeCode"	"Publicaciones_Oficiales/Tipo_de_Documento_Publicado"
"ContractFolderStatus.ValidNoticeInfo.AdditionalPublicationStatus.AdditionalPublicationDocumentReference.Attachment.ExternalReference.URI"	"Publicaciones_Oficiales/Documento_Publicado/URI"
"ContractFolderStatus.ValidNoticeInfo.AdditionalPublicationStatus.AdditionalPublicationDocumentReference.Attachment.ExternalReference.FileName"	"Publicaciones_Oficiales/Documento_Publicado/Archivo"
"ContractFolderStatus.ValidNoticeInfo.AdditionalPublicationStatus.AdditionalPublicationRequest.AgencyID"	"Publicaciones_Oficiales/Agencia"
"ContractFolderStatus.ValidNoticeInfo.AdditionalPublicationStatus.AdditionalPublicationRequest.SendDate"	"Publicaciones_Oficiales/Fecha_de_Envio_de_Anuncio_al_Diario_Oficial"
"ContractFolderStatus.GeneralDocument.GeneralDocumentDocumentReference.ID"	"Otros_documentos_publicados/Documento_Publicado/ID"
"ContractFolderStatus.GeneralDocument.GeneralDocumentDocumentReference.DocumentTypeCode"	"Otros_documentos_publicados/Tipo_de_Documento_Publicado"
"ContractFolderStatus.GeneralDocument.GeneralDocumentDocumentReference.Attachment.ExternalReference.URI"	"Otros_documentos_publicados/Documento_Publicado/URI"
"ContractFolderStatus.GeneralDocument.GeneralDocumentDocumentReference.Attachment.ExternalReference.FileName"	"Otros_documentos_publicados/Documento_Publicado/Archivo"
"ContractFolderStatus.TenderingTerms.ContractExecutionRequirement.Name"	"Condiciones_especiales_de_ejecucion_del_contrato/Nombre"
"ContractFolderStatus.TenderingTerms.ContractExecutionRequirement.ExecutionRequirementCode"	"Condiciones_especiales_de_ejecucion_del_contrato/Codigo"
"ContractFolderStatus.TenderingTerms.ContractExecutionRequirement.Description"	"Condiciones_especiales_de_ejecucion_del_contrato/Descripcion"
"ContractFolderStatus.TenderingTerms.TendererQualificationRequest.RequiredBusinessClassificationScheme.ID"	"Requisitos_de_Participacion/Calificacion_Empresarial_Solicitada/ID"
"ContractFolderStatus.TenderingTerms.ProcurementNationalLegislationCode"	"Requisitos_de_Participacion/ProcurementNationalLegislationCode"
"ContractFolderStatus.TendererStatus.ProcurementProjectLotID"	"ContractFolderStatus.TendererStatus.ProcurementProjectLotID|ContractFolderStatus_TendererStatus_ProcurementProjectLotID (Unmatched)|ERROR"
